{"is_source_file": true, "format": "bash", "description": "This file is a shell script that automates the process of restoring various types of databases (SQLite, PostgreSQL, MySQL, MongoDB) from backup files, including detection of existing backups and database types.", "external_files": ["database_backup.db", "database_backup.sql", "database_backup.archive"], "external_methods": ["ls", "cp", "sudo -u postgres pg_isready", "psql", "mysqladmin", "mysql", "mongosh", "mongorestore"], "published": [], "classes": [], "methods": [], "calls": ["ls /usr/lib/postgresql/", "sudo -u postgres ${PG_BIN}/pg_isready", "psql", "mysqladmin ping", "mysql", "mongosh --port", "mongorestore"], "search-terms": ["restore_db.sh", "database restore script", "detect backup type", "SQLite restore", "PostgreSQL restore", "MySQL restore", "MongoDB restore", "backup files"], "state": 2, "file_id": 6, "knowledge_revision": 15, "git_revision": "8631387648017adbec753687cf027fa5b22f3039", "hash": "d42c3e6cbc3bbd627e3c08afcf4183ec", "format-version": 4, "code-base-name": "hello_database", "filename": "hello_database/restore_db.sh", "revision_history": [{"15": "8631387648017adbec753687cf027fa5b22f3039"}]}