{"is_source_file": true, "format": "Python", "description": "This script implements an interactive SQLite database shell, allowing users to execute SQL commands and perform database tasks like listing tables, showing schemas, and describing tables.", "external_files": ["sqlite3"], "external_methods": ["sqlite3.connect", "cursor.execute", "cursor.fetchall", "sys.exit"], "published": [], "classes": [], "methods": [{"name": "print_help()", "description": "Prints help information for the shell commands.", "scope": "", "scopeKind": ""}, {"name": "list_tables(cursor)", "description": "Lists all tables in the connected SQLite database.", "scope": "", "scopeKind": ""}, {"name": "show_schema(cursor, table_name=None)", "description": "Displays CREATE statements for tables; all tables or a specific table if provided.", "scope": "", "scopeKind": ""}, {"name": "describe_table(cursor, table_name)", "description": "Shows structure details of a specified table.", "scope": "", "scopeKind": ""}, {"name": "execute_query(cursor, query)", "description": "Executes a SQL query and displays the results or affected rows.", "scope": "", "scopeKind": ""}, {"name": "main()", "description": "Main function implementing the interactive shell loop.", "scope": "", "scopeKind": ""}], "calls": ["sqlite3.connect", "cursor.execute", "cursor.fetchall", "sys.exit", "print_help", "list_tables", "show_schema", "describe_table", "execute_query"], "search-terms": ["db_shell", "interactive SQLite", "shell commands", "table listing", "schema display", "table description", "Python SQLite shell"], "state": 2, "file_id": 5, "knowledge_revision": 18, "git_revision": "8631387648017adbec753687cf027fa5b22f3039", "ctags": [{"_type": "tag", "name": "DB_NAME", "path": "/home/kavia/workspace/code-generation/hello-world-location-and-weather-dashboard-228752-228762/hello_database/db_shell.py", "pattern": "/^DB_NAME = \"myapp.db\"$/", "language": "Python", "kind": "variable"}, {"_type": "tag", "name": "describe_table", "path": "/home/kavia/workspace/code-generation/hello-world-location-and-weather-dashboard-228752-228762/hello_database/db_shell.py", "pattern": "/^def describe_table(cursor, table_name):$/", "language": "Python", "kind": "function", "signature": "(cursor, table_name)"}, {"_type": "tag", "name": "execute_query", "path": "/home/kavia/workspace/code-generation/hello-world-location-and-weather-dashboard-228752-228762/hello_database/db_shell.py", "pattern": "/^def execute_query(cursor, query):$/", "language": "Python", "kind": "function", "signature": "(cursor, query)"}, {"_type": "tag", "name": "list_tables", "path": "/home/kavia/workspace/code-generation/hello-world-location-and-weather-dashboard-228752-228762/hello_database/db_shell.py", "pattern": "/^def list_tables(cursor):$/", "language": "Python", "kind": "function", "signature": "(cursor)"}, {"_type": "tag", "name": "main", "path": "/home/kavia/workspace/code-generation/hello-world-location-and-weather-dashboard-228752-228762/hello_database/db_shell.py", "pattern": "/^def main():$/", "language": "Python", "kind": "function", "signature": "()"}, {"_type": "tag", "name": "print_help", "path": "/home/kavia/workspace/code-generation/hello-world-location-and-weather-dashboard-228752-228762/hello_database/db_shell.py", "pattern": "/^def print_help():$/", "language": "Python", "kind": "function", "signature": "()"}, {"_type": "tag", "name": "show_schema", "path": "/home/kavia/workspace/code-generation/hello-world-location-and-weather-dashboard-228752-228762/hello_database/db_shell.py", "pattern": "/^def show_schema(cursor, table_name=None):$/", "language": "Python", "kind": "function", "signature": "(cursor, table_name=None)"}], "hash": "1fb6d8388babf7899113b4cbee6a0234", "format-version": 4, "code-base-name": "hello_database", "filename": "hello_database/db_shell.py", "fields": [{"name": "DB_NAME = \"myapp.db\"", "scope": "", "scopeKind": "", "description": "unavailable"}], "revision_history": [{"18": "8631387648017adbec753687cf027fa5b22f3039"}]}