{"is_source_file": false, "format": "", "description": "", "external_files": [], "external_methods": [], "published": [], "classes": [], "methods": [], "calls": [], "search-terms": [], "state": 2, "file_id": 3, "knowledge_revision": 11, "git_revision": "8631387648017adbec753687cf027fa5b22f3039", "hash": "0c9f36dfd1a6dee9fa952c06ab7d9563", "format-version": 4, "code-base-name": "hello_database", "filename": "hello_database/db_visualizer/package.json", "revision_history": [{"11": "8631387648017adbec753687cf027fa5b22f3039"}]}