{"is_source_file": true, "format": "bash", "description": "A shell script that automates the detection and backup of different types of databases (SQLite, PostgreSQL, MySQL, MongoDB) based on runtime environment detection.", "external_files": ["/usr/lib/postgresql/", "/var/run/mysqld/mysqld.sock"], "external_methods": ["ls", "cp", "sudo -u postgres pg_isready", "mysqladmin", "mysql", "mysqldump", "mongosh", "mongodump"], "published": [], "classes": [], "methods": [{"name": "main", "description": "The main sequence of operations for database detection and backup logic."}], "calls": ["ls", "cp", "sudo -u postgres pg_isready", "mysqladmin ping", "mysql", "mysqldump", "mongosh --eval", "mongodump"], "search-terms": ["backup script", "database detection", "SQLite backup", "PostgreSQL backup", "MySQL backup", "MongoDB backup", "bash database script", "database environment detection"], "state": 2, "file_id": 7, "knowledge_revision": 14, "git_revision": "8631387648017adbec753687cf027fa5b22f3039", "hash": "d7da372b768c895a33088027314656c3", "format-version": 4, "code-base-name": "hello_database", "filename": "hello_database/backup_db.sh", "revision_history": [{"14": "8631387648017adbec753687cf027fa5b22f3039"}]}