{"is_source_file": true, "format": "HTML", "description": "The file is an HTML webpage that provides a user interface for visualizing and interacting with database data. It includes embedded CSS styles and JavaScript for dynamic functionality such as loading database lists, tables, and table data, as well as user interactions like refresh and expand cells.", "external_files": [], "external_methods": [], "published": [], "classes": [], "methods": [], "calls": ["fetch", "refreshDatabases()", "loadDatabases()", "toggleDatabase()", "loadTables()", "loadTableData()", "renderTable()", "renderCell()", "expandCell()", "setActiveState()", "showLoading()", "showError()", "showEmptyState()"], "search-terms": ["database viewer", "interactive table", "fetch API", "database list", "table data", "expand cell", "refresh button", "HTML UI"], "state": 2, "file_id": 2, "knowledge_revision": 13, "git_revision": "8631387648017adbec753687cf027fa5b22f3039", "hash": "ee63333a4841bf025439c755a74c9881", "format-version": 4, "code-base-name": "hello_database", "filename": "hello_database/db_visualizer/public/index.html", "revision_history": [{"13": "8631387648017adbec753687cf027fa5b22f3039"}]}